#Individual	Library	Barcode
Y2510	Library 0	ACGG
Y2617	Library 0	TGCT
Y2652	Library 0	CATCG
pt1954	Library 0	CTCAG
Y2129	Library 0	GTTCCA
Y2481	Library 0	TGGTACA
Y2545	Library 0	ACAGAATG
Y2683	Library 0	GTTACTATT
Y1918	Library 1	ACGG
Y2261	Library 1	TGCT
Y2442	Library 1	CATCG
Y2446	Library 1	CTCAG
Y2476	Library 1	GTTCCA
Y2482	Library 1	TGGTACA
Y2488	Library 1	ACAGAATG
Y2522	Library 1	GTTACTATT
Y2523	Library 1	AGCA
Y2540	Library 1	ATACA
Y2542	Library 1	CCGTCC
Y2576	Library 1	TCATGG
Y2547	Library 1	GGTAGCG
Y2559	Library 1	TAGGACT
Y2562	Library 1	CACGTACG
Y2544	Library 1	GAACCAACA
Y2680	Library 2	ACGG
Y2687	Library 2	TGCT
Y2693	Library 2	CATCG
Y2700	Library 2	CTCAG
Y2701	Library 2	GTTCCA
Y2703	Library 2	TGGTACA
Y2704	Library 2	ACAGAATG
Y2718	Library 2	GTTACTATT
Y2719	Library 2	AGCA
Y2720	Library 2	ATACA
Y2726	Library 2	CCGTCC
Y2727	Library 2	TCATGG
Y2729	Library 2	GGTAGCG
Y2730	Library 2	TAGGACT
Y2732	Library 2	CACGTACG
Y2753	Library 2	GAACCAACA
Y2759	Library 3	ACGG
Y2761	Library 3	TGCT
Y2762	Library 3	CATCG
Y2765	Library 3	CTCAG
Y2767	Library 3	GTTCCA
Y2769	Library 3	TGGTACA
Y2508	Library 3	ACAGAATG
Y2632	Library 3	GTTACTATT
FT0724	Library 3	AGCA
pt1125	Library 3	ATACA
pt1697	Library 3	CCGTCC
pt1743	Library 3	TCATGG
pt1986	Library 3	GGTAGCG
TF_C15	Library 3	TAGGACT
TF_carc48	Library 3	CACGTACG
TF_carc37	Library 3	GAACCAACA
TF_LP54	Library 4	ACGG
TF_LP63	Library 4	TGCT
TF_pt448	Library 4	CATCG
TF_1	Library 4	CTCAG
TF_2	Library 4	GTTCCA
TF_081	Library 4	TGGTACA
TF_088	Library 4	ACAGAATG
pt1996	Library 4	GTTACTATT
TF_1025	Library 4	AGCA
TF_1032	Library 4	ATACA
TF_13	Library 4	CCGTCC
TF_17	Library 4	TCATGG
TF_18	Library 4	GGTAGCG
TF_1937	Library 4	TAGGACT
TF_075	Library 4	CACGTACG
Y2338	Library 4	GAACCAACA
TF_2084	Library 5	ACGG
TF_2K04_1	Library 5	TGCT
TF_537	Library 5	CATCG
TF_2K04_2	Library 5	CTCAG
TF_565	Library 5	GTTCCA
TF_572	Library 5	TGGTACA
TF_621	Library 5	ACAGAATG
Y2186	Library 5	GTTACTATT
Y2307	Library 5	AGCA
